{
	"country_code": "CH",
	"parent_id": null,
	"locale": "de",
	"subdivisions": {
		"CH-AG": {
			"code": "AG",
			"name": "Aargau",
			"translations": {
				"fr": {
					"name": "Argovie"
				},
				"it": {
					"name": "Argovia"
				}
			}
		},
		"CH-AR": {
			"code": "AR",
			"name": "Appenzell Ausserrhoden",
			"translations": {
				"fr": {
					"name": "Appenzell Rhodes-Extérieures"
				},
				"it": {
					"name": "Appenzello Esterno"
				}
			}
		},
		"CH-AI": {
			"code": "AI",
			"name": "Appenzell Innerrhoden",
			"translations": {
				"fr": {
					"name": "Appenzell Rhodes-Intérieures"
				},
				"it": {
					"name": "Appenzello Interno"
				}
			}
		},
		"CH-BL": {
			"code": "BL",
			"name": "Basel-Landschaft",
			"translations": {
				"fr": {
					"name": "Bâle-Campagne"
				},
				"it": {
					"name": "Basilea Campagna"
				}
			}
		},
		"CH-BS": {
			"code": "BS",
			"name": "Basel-Stadt",
			"translations": {
				"fr": {
					"name": "Bâle-Ville"
				},
				"it": {
					"name": "Basilea Città"
				}
			}
		},
		"CH-BE": {
			"code": "BE",
			"name": "Bern",
			"translations": {
				"fr": {
					"name": "Berne"
				},
				"it": {
					"name": "Berna"
				}
			}
		},
		"CH-FR": {
			"code": "FR",
			"name": "Freiburg",
			"translations": {
				"fr": {
					"name": "Fribourg"
				},
				"it": {
					"name": "Friburgo"
				}
			}
		},
		"CH-GE": {
			"code": "GE",
			"name": "Genf",
			"translations": {
				"fr": {
					"name": "Genève"
				},
				"it": {
					"name": "Ginevra"
				}
			}
		},
		"CH-GL": {
			"code": "GL",
			"name": "Glarus",
			"translations": {
				"fr": {
					"name": "Glaris"
				},
				"it": {
					"name": "Glarona"
				}
			}
		},
		"CH-GR": {
			"code": "GR",
			"name": "Graubünden",
			"translations": {
				"fr": {
					"name": "Grisons"
				},
				"it": {
					"name": "Grigioni"
				}
			}
		},
		"CH-JU": {
			"code": "JU",
			"name": "Jura",
			"translations": {
				"fr": {
					"name": "Jura"
				},
				"it": {
					"name": "Giura"
				}
			}
		},
		"CH-LU": {
			"code": "LU",
			"name": "Luzern",
			"translations": {
				"fr": {
					"name": "Lucerne"
				},
				"it": {
					"name": "Lucerna"
				}
			}
		},
		"CH-NE": {
			"code": "NE",
			"name": "Neuenburg",
			"translations": {
				"fr": {
					"name": "Neuchâtel"
				},
				"it": {
					"name": "Neuchâtel"
				}
			}
		},
		"CH-NW": {
			"code": "NW",
			"name": "Nidwalden",
			"translations": {
				"fr": {
					"name": "Nidwald"
				},
				"it": {
					"name": "Nidvaldo"
				}
			}
		},
		"CH-OW": {
			"code": "OW",
			"name": "Obwalden",
			"translations": {
				"fr": {
					"name": "Obwald"
				},
				"it": {
					"name": "Obvaldo"
				}
			}
		},
		"CH-SH": {
			"code": "SH",
			"name": "Schaffhausen",
			"translations": {
				"fr": {
					"name": "Schaffhouse"
				},
				"it": {
					"name": "Sciaffusa"
				}
			}
		},
		"CH-SZ": {
			"code": "SZ",
			"name": "Schwyz",
			"translations": {
				"fr": {
					"name": "Schwyz"
				},
				"it": {
					"name": "Svitto"
				}
			}
		},
		"CH-SO": {
			"code": "SO",
			"name": "Solothurn",
			"translations": {
				"fr": {
					"name": "Soleure"
				},
				"it": {
					"name": "Soletta"
				}
			}
		},
		"CH-SG": {
			"code": "SG",
			"name": "St. Gallen",
			"translations": {
				"fr": {
					"name": "Saint-Gall"
				},
				"it": {
					"name": "San Gallo"
				}
			}
		},
		"CH-TI": {
			"code": "TI",
			"name": "Tessin",
			"translations": {
				"fr": {
					"name": "Tessin"
				},
				"it": {
					"name": "Ticino"
				}
			}
		},
		"CH-TG": {
			"code": "TG",
			"name": "Thurgau",
			"translations": {
				"fr": {
					"name": "Thurgovie"
				},
				"it": {
					"name": "Turgovia"
				}
			}
		},
		"CH-UR": {
			"code": "UR",
			"name": "Uri",
			"translations": {
				"fr": {
					"name": "Uri"
				},
				"it": {
					"name": "Uri"
				}
			}
		},
		"CH-VD": {
			"code": "VD",
			"name": "Waadt",
			"translations": {
				"fr": {
					"name": "Vaud"
				},
				"it": {
					"name": "Vaud"
				}
			}
		},
		"CH-VS": {
			"code": "VS",
			"name": "Wallis",
			"translations": {
				"fr": {
					"name": "Valais"
				},
				"it": {
					"name": "Vallese"
				}
			}
		},
		"CH-ZG": {
			"code": "ZG",
			"name": "Zug",
			"translations": {
				"fr": {
					"name": "Zoug"
				},
				"it": {
					"name": "Zugo"
				}
			}
		},
		"CH-ZH": {
			"code": "ZH",
			"name": "Zürich",
			"translations": {
				"fr": {
					"name": "Zurich"
				},
				"it": {
					"name": "Zurigo"
				}
			}
		}
	}
}