{
	"country_code": "ES",
	"subdivisions": {
		"A Coruña": {
			"iso_code": "ES-C",
			"postal_code_pattern": "15"
		},
		"Álava": {
			"iso_code": "ES-VI",
			"postal_code_pattern": "01"
		},
		"Albacete": {
			"iso_code": "ES-AB",
			"postal_code_pattern": "02"
		},
		"Alicante": {
			"iso_code": "ES-A",
			"postal_code_pattern": "03"
		},
		"Almería": {
			"iso_code": "ES-AL",
			"postal_code_pattern": "04"
		},
		"Asturias": {
			"iso_code": "ES-O",
			"postal_code_pattern": "33"
		},
		"Ávila": {
			"iso_code": "ES-AV",
			"postal_code_pattern": "05"
		},
		"Badajoz": {
			"iso_code": "ES-BA",
			"postal_code_pattern": "06"
		},
		"Balears": {
			"name": "Balears",
			"iso_code": "ES-PM",
			"postal_code_pattern": "07"
		},
		"Barcelona": {
			"iso_code": "ES-B",
			"postal_code_pattern": "08"
		},
		"Burgos": {
			"iso_code": "ES-BU",
			"postal_code_pattern": "09"
		},
		"Cáceres": {
			"iso_code": "ES-CC",
			"postal_code_pattern": "10"
		},
		"Cádiz": {
			"iso_code": "ES-CA",
			"postal_code_pattern": "11"
		},
		"Cantabria": {
			"iso_code": "ES-S",
			"postal_code_pattern": "39"
		},
		"Castellón": {
			"iso_code": "ES-CS",
			"postal_code_pattern": "12"
		},
		"Ceuta": {
			"iso_code": "ES-CE",
			"postal_code_pattern": "51"
		},
		"Ciudad Real": {
			"iso_code": "ES-CR",
			"postal_code_pattern": "13"
		},
		"Córdoba": {
			"iso_code": "ES-CO",
			"postal_code_pattern": "14"
		},
		"Cuenca": {
			"iso_code": "ES-CU",
			"postal_code_pattern": "16"
		},
		"Girona": {
			"iso_code": "ES-GI",
			"postal_code_pattern": "17"
		},
		"Granada": {
			"iso_code": "ES-GR",
			"postal_code_pattern": "18"
		},
		"Guadalajara": {
			"iso_code": "ES-GU",
			"postal_code_pattern": "19"
		},
		"Guipúzcoa": {
			"iso_code": "ES-SS",
			"postal_code_pattern": "20"
		},
		"Huelva": {
			"iso_code": "ES-H",
			"postal_code_pattern": "21"
		},
		"Huesca": {
			"iso_code": "ES-HU",
			"postal_code_pattern": "22"
		},
		"Jaén": {
			"iso_code": "ES-J",
			"postal_code_pattern": "23"
		},
		"La Rioja": {
			"iso_code": "ES-LO",
			"postal_code_pattern": "26"
		},
		"Las Palmas": {
			"iso_code": "ES-GC",
			"postal_code_pattern": "35"
		},
		"León": {
			"iso_code": "ES-LE",
			"postal_code_pattern": "24"
		},
		"Lleida": {
			"iso_code": "ES-L",
			"postal_code_pattern": "25"
		},
		"Lugo": {
			"iso_code": "ES-LU",
			"postal_code_pattern": "27"
		},
		"Madrid": {
			"iso_code": "ES-M",
			"postal_code_pattern": "28"
		},
		"Málaga": {
			"iso_code": "ES-MA",
			"postal_code_pattern": "29"
		},
		"Melilla": {
			"iso_code": "ES-ML",
			"postal_code_pattern": "52"
		},
		"Murcia": {
			"iso_code": "ES-MU",
			"postal_code_pattern": "30"
		},
		"Navarra": {
			"iso_code": "ES-NA",
			"postal_code_pattern": "31"
		},
		"Ourense": {
			"iso_code": "ES-OR",
			"postal_code_pattern": "32"
		},
		"Palencia": {
			"iso_code": "ES-P",
			"postal_code_pattern": "34"
		},
		"Pontevedra": {
			"iso_code": "ES-PO",
			"postal_code_pattern": "36"
		},
		"Salamanca": {
			"iso_code": "ES-SA",
			"postal_code_pattern": "37"
		},
		"Santa Cruz de Tenerife": {
			"iso_code": "ES-TF",
			"postal_code_pattern": "38"
		},
		"Segovia": {
			"iso_code": "ES-SG",
			"postal_code_pattern": "40"
		},
		"Sevilla": {
			"iso_code": "ES-SE",
			"postal_code_pattern": "41"
		},
		"Soria": {
			"iso_code": "ES-SO",
			"postal_code_pattern": "42"
		},
		"Tarragona": {
			"iso_code": "ES-T",
			"postal_code_pattern": "43"
		},
		"Teruel": {
			"iso_code": "ES-TE",
			"postal_code_pattern": "44"
		},
		"Toledo": {
			"iso_code": "ES-TO",
			"postal_code_pattern": "45"
		},
		"Valencia": {
			"iso_code": "ES-V",
			"postal_code_pattern": "46"
		},
		"Valladolid": {
			"iso_code": "ES-VA",
			"postal_code_pattern": "47"
		},
		"Vizcaya": {
			"iso_code": "ES-BI",
			"postal_code_pattern": "48"
		},
		"Zamora": {
			"iso_code": "ES-ZA",
			"postal_code_pattern": "49"
		},
		"Zaragoza": {
			"iso_code": "ES-Z",
			"postal_code_pattern": "50"
		}
	}
}