{
	"country_code": "UA",
	"locale": "uk",
	"subdivisions": {
		"43": {
			"name": "Crimea",
			"local_name": "Автономна Республіка Крим"
		},
		"05": {
			"name": "Vinnyts'ka oblast",
			"local_name": "Вінницька область"
		},
		"07": {
			"name": "Volyns'ka oblast",
			"local_name": "Волинська область"
		},
		"12": {
			"name": "Dnipropetrovsk oblast",
			"local_name": "Дніпропетровська область"
		},
		"14": {
			"name": "Donetsk oblast",
			"local_name": "Донецька область"
		},
		"18": {
			"name": "Zhytomyrs'ka oblast",
			"local_name": "Житомирська область"
		},
		"21": {
			"name": "Zakarpats'ka oblast",
			"local_name": "Закарпатська область"
		},
		"23": {
			"name": "Zaporiz'ka oblast",
			"local_name": "Запорізька область"
		},
		"26": {
			"name": "Ivano-Frankivs'ka oblast",
			"local_name": "Івано-Франківська область"
		},
		"30": {
			"code": "Kyiv city",
			"local_code": "місто Київ",
			"name": "Kyiv city",
			"local_name": "Київ"
		},
		"32": {
			"name": "Kiev oblast",
			"local_name": "Київська область"
		},
		"35": {
			"name": "Kirovohrads'ka oblast",
			"local_name": "Кіровоградська область"
		},
		"09": {
			"name": "Luhans'ka oblast",
			"local_name": "Луганська область"
		},
		"46": {
			"name": "Lviv oblast",
			"local_name": "Львівська область"
		},
		"48": {
			"name": "Mykolaivs'ka oblast",
			"local_name": "Миколаївська область"
		},
		"51": {
			"name": "Odessa oblast",
			"local_name": "Одеська область"
		},
		"53": {
			"name": "Poltavs'ka oblast",
			"local_name": "Полтавська область"
		},
		"56": {
			"name": "Rivnens'ka oblast",
			"local_name": "Рівненська область"
		},
		"40": {
			"code": "Sevastopol' city",
			"local_code": "місто Севастополь",
			"name": "Sevastopol' city",
			"local_name": "Севастополь"
		},
		"59": {
			"name": "Sums'ka oblast",
			"local_name": "Сумська область"
		},
		"61": {
			"name": "Ternopil's'ka oblast",
			"local_name": "Тернопільська область"
		},
		"63": {
			"name": "Kharkiv oblast",
			"local_name": "Харківська область"
		},
		"65": {
			"name": "Khersons'ka oblast",
			"local_name": "Херсонська область"
		},
		"68": {
			"name": "Khmel'nyts'ka oblast",
			"local_name": "Хмельницька область"
		},
		"71": {
			"name": "Cherkas'ka oblast",
			"local_name": "Черкаська область"
		},
		"77": {
			"name": "Chernivets'ka oblast",
			"local_name": "Чернівецька область"
		},
		"74": {
			"name": "Chernihivs'ka oblast",
			"local_name": "Чернігівська область"
		}
	}
}