{
	"ZA": "Afrika du Sulu",
	"AX": "Åland Islands",
	"DZ": "Alujeria",
	"AO": "Angola",
	"AI": "Anguilla",
	"AQ": "Antarctica",
	"AG": "Antigua & Barbuda",
	"AR": "Argentina",
	"AM": "Armenia",
	"AW": "Aruba",
	"AC": "Ascension Island",
	"AU": "Australia",
	"AT": "Austria",
	"BS": "Bahamas",
	"BH": "Bahrain",
	"BD": "Bangladesh",
	"BB": "Barbados",
	"BY": "Belarus",
	"BE": "Belgium",
	"BZ": "Belize",
	"BM": "Bermuda",
	"BT": "Bhutan",
	"BO": "Bolivia",
	"BA": "Bosnia & Herzegovina",
	"BW": "Botswana",
	"BV": "Bouvet Island",
	"BR": "Brazil",
	"IO": "British Indian Ocean Territory",
	"VG": "British Virgin Islands",
	"BN": "Brunei",
	"BG": "Bulgaria",
	"BF": "Burkina Faso",
	"CM": "Cameroon",
	"IC": "Canary Islands",
	"CV": "Cape Verde",
	"BQ": "Caribbean Netherlands",
	"KY": "Cayman Islands",
	"CF": "Central African Republic",
	"EA": "Ceuta & Melilla",
	"CX": "Christmas Island",
	"CP": "Clipperton Island",
	"CC": "Cocos (Keeling) Islands",
	"CD": "Congo - Kinshasa",
	"CK": "Cook Islands",
	"CR": "Costa Rica",
	"CW": "Curaçao",
	"DG": "Diego Garcia",
	"DO": "Dominican Republic",
	"EC": "Ecuador",
	"GQ": "Equatorial Guinea",
	"EE": "Estonia",
	"FK": "Falkland Islands",
	"FO": "Faroe Islands",
	"TF": "French Southern Territories",
	"DE": "Germany",
	"GR": "Greece",
	"GG": "Guernsey",
	"HM": "Heard & McDonald Islands",
	"HK": "Hong Kong SAR China",
	"IS": "Iceland",
	"IR": "Iran",
	"IM": "Isle of Man",
	"IT": "Italia",
	"JE": "Jersey",
	"KI": "Kiribati",
	"XK": "Kosovo",
	"KW": "Kuwait",
	"KG": "Kyrgyzstan",
	"LA": "Laos",
	"MO": "Macau SAR China",
	"MY": "Malaysia",
	"MV": "Maldives",
	"ML": "Mali",
	"MT": "Malta",
	"MH": "Marshall Islands",
	"MQ": "Martinique",
	"MR": "Mauritania",
	"MU": "Mauritius",
	"YT": "Mayotte",
	"MX": "Mexico",
	"FM": "Micronesia",
	"MD": "Moldova",
	"MC": "Monaco",
	"MN": "Mongolia",
	"MS": "Montserrat",
	"MA": "Morocco",
	"MM": "Myanmar (Burma)",
	"NA": "Namibia",
	"NR": "Nauru",
	"NP": "Nepal",
	"NL": "Netherlands",
	"NC": "New Caledonia",
	"NZ": "New Zealand",
	"NI": "Nicaragua",
	"NU": "Niue",
	"NF": "Norfolk Island",
	"MP": "Northern Mariana Islands",
	"PW": "Palau",
	"PS": "Palestinian Territories",
	"PY": "Paragwai",
	"PT": "Portugal",
	"RU": "Russia",
	"RS": "Serbia",
	"SL": "Sierra Leone",
	"SX": "Sint Maarten",
	"SB": "Solomon Islands",
	"GS": "South Georgia & South Sandwich Islands",
	"SS": "South Sudan",
	"BL": "St. Barthélemy",
	"MF": "St. Martin",
	"SJ": "Svalbard & Jan Mayen",
	"TW": "Taiwan",
	"TA": "Tristan da Cunha",
	"TC": "Turks & Caicos Islands",
	"UM": "U.S. Outlying Islands",
	"VI": "U.S. Virgin Islands",
	"AL": "Ualbania",
	"AD": "Uandora",
	"IE": "Uayalandi",
	"AZ": "Uazabajani",
	"BJ": "Ubelin",
	"MG": "Ubukini",
	"TD": "Uchadi",
	"CZ": "Ucheki",
	"CL": "Uchile",
	"CN": "Uchina",
	"DK": "Udenimaka",
	"DM": "Udominika",
	"FR": "Ufaransa",
	"GF": "Ufaransa yo Gwaya",
	"PF": "Ufaransa yo Potina",
	"FJ": "Ufiji",
	"PH": "Ufilipino",
	"FI": "Ufini",
	"AF": "Ufugustani",
	"GA": "Ugaboni",
	"GM": "Ugambia",
	"GH": "Ugana",
	"UG": "Uganda",
	"GN": "Ugine",
	"GW": "Uginebisau",
	"GD": "Ugrenada",
	"GL": "Ugrinlandi",
	"GY": "Uguyana",
	"GP": "Ugwadelupe",
	"GU": "Ugwam",
	"GT": "Ugwatemala",
	"ET": "Uhabeshi",
	"HT": "Uhaiti",
	"IN": "Uhindini",
	"ES": "Uhispania",
	"HN": "Uhondurasi",
	"HU": "Uhungaria",
	"IL": "Uisraeli",
	"JM": "Ujamaika",
	"JP": "Ujapani",
	"GI": "Ujibralta",
	"DJ": "Ujibuti",
	"TJ": "Ujikistani",
	"GE": "Ujojia",
	"KH": "Ukambodia",
	"CA": "Ukanada",
	"QA": "Ukatari",
	"KZ": "Ukazakistani",
	"KE": "Ukenya",
	"CI": "Ukodiva",
	"CO": "Ukolombia",
	"KM": "Ukomoro",
	"CG": "Ukongo",
	"HR": "Ukorasia",
	"KP": "Ukorea Kaskazini",
	"KR": "Ukorea Kusini",
	"UA": "Ukraine",
	"CU": "Ukuba",
	"CY": "Ukuprosi",
	"LV": "Ulativia",
	"LB": "Ulebanoni",
	"LS": "Ulesoto",
	"LR": "Uliberia",
	"LY": "Ulibya",
	"MW": "Umalawi",
	"ME": "Umantegro",
	"US": "Umarekani",
	"MK": "Umasedonia",
	"EG": "Umisiri",
	"MZ": "Umozambiki",
	"ID": "Undonesia",
	"NE": "Unijeri",
	"NG": "Unijeria",
	"AE": "United Arab Emirates",
	"GB": "United Kingdom",
	"NO": "Unorwe",
	"OM": "Uomani",
	"PK": "Upakistani",
	"PA": "Upanama",
	"PG": "Upapua",
	"PE": "Uperuu",
	"PN": "Upitkairni",
	"PL": "Upolandi",
	"PR": "Upwetoriko",
	"ER": "Uriterea",
	"RE": "Uriyunioni",
	"RO": "Uromania",
	"UY": "Uruguay",
	"BI": "Urundi",
	"RW": "Urwanda",
	"SV": "Usalavado",
	"SM": "Usamarino",
	"WS": "Usamoa",
	"AS": "Usamoa ya Marekani",
	"SH": "Usantahelena",
	"KN": "Usantakitzi na Nevis",
	"LC": "Usantalusia",
	"PM": "Usantapieri na Mikeloni",
	"VC": "Usantavisenti na Grenadini",
	"ST": "Usao Tome na Principe",
	"SA": "Usaudi",
	"LU": "Usembaji",
	"SN": "Usenegali",
	"SC": "Ushelisheli",
	"LI": "Ushenteni",
	"SG": "Usingapoo",
	"SY": "Usiria",
	"LK": "Usirilanka",
	"SK": "Uslovakia",
	"SI": "Uslovenia",
	"SO": "Usomalia",
	"SD": "Usudani",
	"SR": "Usurinamu",
	"SZ": "Uswazi",
	"SE": "Uswidi",
	"CH": "Uswisi",
	"TH": "Utailandi",
	"TZ": "Utanzania",
	"TL": "Utimo Mashariki",
	"TG": "Utogo",
	"TK": "Utokelau",
	"TO": "Utonga",
	"TT": "Utrinidad na Tobago",
	"TR": "Utuki",
	"TN": "Utunisia",
	"TM": "Uturukimenistani",
	"TV": "Utuvalu",
	"LT": "Utwania",
	"VU": "Uvanuatu",
	"VA": "Uvatikani",
	"VE": "Uvenezuela",
	"VN": "Uvietinamu",
	"WF": "Uwalis na Futuna",
	"YE": "Uyemeni",
	"JO": "Uyordani",
	"ZM": "Uzambia",
	"UZ": "Uzbekistan",
	"ZW": "Uzimbabwe",
	"EH": "Western Sahara",
	"IQ": "Wiraki"
}