{
	"AF": "Afghanistan",
	"ZA": "Afrika Kusini",
	"IS": "Aislandi",
	"AR": "Ajentina",
	"AL": "Albania",
	"DZ": "Aljeria",
	"AD": "Andorra",
	"AO": "Angola",
	"AI": "Anguilla",
	"AQ": "Antaktika",
	"AG": "Antigua na Barbuda",
	"AM": "Armenia",
	"AW": "Aruba",
	"AU": "Australia",
	"AT": "Austria",
	"IE": "Ayalandi",
	"AZ": "Azabajani",
	"BB": "Babadosi",
	"BS": "Bahama",
	"BH": "Bahareni",
	"BD": "Bangladeshi",
	"BY": "Belarus",
	"BZ": "Belize",
	"BJ": "Benin",
	"BM": "Bermuda",
	"BT": "Bhutan",
	"BO": "Bolivia",
	"BA": "Bosnia na Hezegovina",
	"BW": "Botswana",
	"BR": "Brazil",
	"BN": "Brunei",
	"BF": "Bukinafaso",
	"BG": "Bulgaria",
	"BI": "Burundi",
	"CV": "Cape Verde",
	"EA": "Ceuta na Melilla",
	"TD": "Chadi",
	"CZ": "Chechia",
	"CL": "Chile",
	"HR": "Croatia",
	"CU": "Cuba",
	"CW": "Curacao",
	"DK": "Denmark",
	"DG": "Diego Garcia",
	"DM": "Dominika",
	"EC": "Ecuador",
	"SV": "El Salvador",
	"IO": "Eneo la Uingereza katika Bahari Hindi",
	"ER": "Eritrea",
	"EE": "Estonia",
	"ET": "Ethiopia",
	"AE": "Falme za Kiarabu",
	"FJ": "Fiji",
	"GA": "Gabon",
	"GM": "Gambia",
	"GS": "Georgia Kusini na Visiwa vya Sandwich Kusini",
	"GH": "Ghana",
	"GI": "Gibraltar",
	"GN": "Gine",
	"GW": "Ginebisau",
	"GL": "Greenland",
	"GD": "Grenada",
	"GU": "Guam",
	"GT": "Guatemala",
	"GG": "Guernsey",
	"GF": "Guiana ya Ufaransa",
	"GQ": "Guinea ya Ikweta",
	"GY": "Guyana",
	"GP": "Gwadelupe",
	"HT": "Haiti",
	"HN": "Honduras",
	"HK": "Hong Kong SAR China",
	"HU": "Hungaria",
	"IN": "India",
	"ID": "Indonesia",
	"IQ": "Iraki",
	"IR": "Iran",
	"IM": "Isle of Man",
	"IL": "Israeli",
	"IT": "Italia",
	"CI": "Ivorikosti",
	"JM": "Jamaika",
	"CF": "Jamhuri ya Afrika ya Kati",
	"DO": "Jamhuri ya Dominika",
	"CD": "Jamhuri ya Kidemokrasia ya Kongo",
	"JP": "Japani",
	"JE": "Jersey",
	"DJ": "Jibuti",
	"GE": "Jojia",
	"KH": "Kambodia",
	"CM": "Kameruni",
	"CA": "Kanada",
	"QA": "Katari",
	"KZ": "Kazakistani",
	"KE": "Kenya",
	"KI": "Kiribati",
	"KG": "Kirigizistani",
	"AC": "Kisiwa cha Ascension",
	"BV": "Kisiwa cha Bouvet",
	"CX": "Kisiwa cha Christmas",
	"CP": "Kisiwa cha Clipperton",
	"HM": "Kisiwa cha Heard na Visiwa vya McDonald",
	"NF": "Kisiwa cha Norfolk",
	"CO": "Kolombia",
	"KM": "Komoro",
	"CG": "Kongo - Brazzaville",
	"KP": "Korea Kaskazini",
	"KR": "Korea Kusini",
	"XK": "Kosovo",
	"CR": "Kostarika",
	"KW": "Kuwait",
	"LA": "Laos",
	"LU": "Lasembagi",
	"LV": "Lativia",
	"LB": "Lebanoni",
	"LS": "Lesotho",
	"LR": "Liberia",
	"LY": "Libya",
	"LI": "Lishtensteni",
	"LT": "Lithuania",
	"MO": "Macau SAR China",
	"MK": "Macedonia",
	"MG": "Madagaska",
	"TF": "Maeneo ya Kusini ya Ufaransa",
	"PS": "Maeneo ya Palestina",
	"MW": "Malawi",
	"MV": "Maldivi",
	"MY": "Malesia",
	"ML": "Mali",
	"MT": "Malta",
	"US": "Marekani",
	"MQ": "Martinique",
	"YT": "Mayotte",
	"MX": "Meksiko",
	"FM": "Mikronesia",
	"EG": "Misri",
	"VA": "Mji wa Vatican",
	"MD": "Moldova",
	"MC": "Monaco",
	"MN": "Mongolia",
	"ME": "Montenegro",
	"MS": "Montserrat",
	"MU": "Morisi",
	"MR": "Moritania",
	"MA": "Morocco",
	"MZ": "Msumbiji",
	"MM": "Myanmar (Burma)",
	"NA": "Namibia",
	"NR": "Nauru",
	"NP": "Nepali",
	"NE": "Nijer",
	"NG": "Nijeria",
	"NI": "Nikaragwa",
	"NU": "Niue",
	"NO": "Norwe",
	"NC": "Nyukaledonia",
	"NZ": "Nyuzilandi",
	"OM": "Omani",
	"PK": "Pakistani",
	"PW": "Palau",
	"PA": "Panama",
	"PG": "Papua New Guinea",
	"PY": "Paraguay",
	"PE": "Peru",
	"PL": "Poland",
	"PF": "Polinesia ya Ufaransa",
	"PR": "Puetoriko",
	"RE": "Reunion",
	"RO": "Romania",
	"RW": "Rwanda",
	"EH": "Sahara Magharibi",
	"CY": "Saiprasi",
	"WS": "Samoa",
	"AS": "Samoa ya Marekani",
	"SM": "San Marino",
	"PM": "Santapierre na Miquelon",
	"ST": "Sao Tome na Prinsipe",
	"SA": "Saudia",
	"SN": "Senegali",
	"RS": "Serbia",
	"SL": "Siera Leoni",
	"SG": "Singapore",
	"SX": "Sint Maarten",
	"SK": "Slovakia",
	"SI": "Slovenia",
	"SO": "Somalia",
	"LK": "Sri Lanka",
	"BL": "St. Barthelemy",
	"SH": "St. Helena",
	"KN": "St. Kitts na Nevis",
	"LC": "St. Lucia",
	"MF": "St. Martin",
	"VC": "St. Vincent na Grenadines",
	"SD": "Sudan",
	"SS": "Sudan Kusini",
	"SR": "Suriname",
	"SJ": "Svalbard na Jan Mayen",
	"SY": "Syria",
	"TH": "Tailandi",
	"TW": "Taiwan",
	"TJ": "Tajikistani",
	"TZ": "Tanzania",
	"TL": "Timor-Leste",
	"TG": "Togo",
	"TK": "Tokelau",
	"TO": "Tonga",
	"TT": "Trinidad na Tobago",
	"TA": "Tristan da Cunha",
	"TN": "Tunisia",
	"TM": "Turkmenistan",
	"TV": "Tuvalu",
	"BE": "Ubelgiji",
	"CN": "Uchina",
	"FR": "Ufaransa",
	"PH": "Ufilipino",
	"FI": "Ufini",
	"UG": "Uganda",
	"GR": "Ugiriki",
	"ES": "Uhispania",
	"NL": "Uholanzi",
	"BQ": "Uholanzi ya Karibiani",
	"GB": "Uingereza",
	"DE": "Ujerumani",
	"UA": "Ukraine",
	"PT": "Ureno",
	"UY": "Uruguay",
	"RU": "Urusi",
	"SC": "Ushelisheli",
	"SZ": "Uswazi",
	"SE": "Uswidi",
	"CH": "Uswisi",
	"TR": "Uturuki",
	"UZ": "Uzibekistani",
	"VU": "Vanuatu",
	"VE": "Venezuela",
	"VN": "Vietnamu",
	"UM": "Visiwa Vidogo vya Nje vya Marekani",
	"AX": "Visiwa vya Aland",
	"KY": "Visiwa vya Cayman",
	"CC": "Visiwa vya Cocos (Keeling)",
	"CK": "Visiwa vya Cook",
	"FK": "Visiwa vya Falkland",
	"FO": "Visiwa vya Faroe",
	"IC": "Visiwa vya Kanari",
	"MP": "Visiwa vya Mariana vya Kaskazini",
	"MH": "Visiwa vya Marshall",
	"PN": "Visiwa vya Pitcairn",
	"SB": "Visiwa vya Solomon",
	"TC": "Visiwa vya Turks na Caicos",
	"VI": "Visiwa vya Virgin, Marekani",
	"VG": "Visiwa vya Virgin, Uingereza",
	"WF": "Wallis na Futuna",
	"YE": "Yemeni",
	"JO": "Yordani",
	"ZM": "Zambia",
	"ZW": "Zimbabwe"
}